{"stats":{"minecraft:crafted":{"minecraft:oak_planks":76,"minecraft:crafting_table":1,"minecraft:wooden_pickaxe":1,"minecraft:furnace":2,"minecraft:stone_axe":1,"minecraft:cooked_mutton":20,"minecraft:air":0,"minecraft:shield":1,"minecraft:stick":12,"minecraft:iron_ingot":13,"minecraft:iron_pickaxe":1,"minecraft:stone_pickaxe":1,"minecraft:chest":2,"minecraft:iron_shovel":2,"minecraft:white_bed":2},"minecraft:killed":{"alexsmobs:enderiophage":2,"minecraft:sheep":15,"minecraft:skeleton":1,"minecraft:chicken":4},"minecraft:mined":{"minecraft:podzol":1,"minecraft:white_bed":1,"minecraft:crafting_table":2,"biomesoplenty:bush":14,"minecraft:grass_block":182,"minecraft:calcite":267,"minecraft:poppy":1,"minecraft:tall_grass":1,"minecraft:spruce_leaves":5,"alexsmobs:capsid":1,"minecraft:sugar_cane":9,"biomesoplenty:goldenrod":2,"minecraft:furnace":1,"minecraft:iron_ore":17,"minecraft:spruce_log":43,"minecraft:peony":5,"minecraft:gold_block":1,"minecraft:grass":22,"minecraft:coal_ore":22,"minecraft:oak_log":35,"biomesoplenty:webbing":2,"minecraft:dirt":56,"minecraft:stone":54,"minecraft:oak_leaves":17},"minecraft:used":{"minecraft:calcite":1,"minecraft:cooked_mutton":9,"minecraft:iron_shovel":255,"minecraft:stone_pickaxe":52,"minecraft:chest":2,"minecraft:wooden_pickaxe":20,"minecraft:shield":23,"minecraft:dirt":237,"minecraft:crafting_table":3,"minecraft:white_bed":3,"alexsmobs:capsid":1,"minecraft:spruce_log":9,"minecraft:oak_log":2,"minecraft:apple":1,"minecraft:iron_pickaxe":294,"minecraft:iron_helmet":1,"minecraft:spruce_sapling":4,"minecraft:stone_axe":112,"minecraft:golden_sword":12,"minecraft:cobblestone":25,"minecraft:furnace":3,"minecraft:iron_leggings":1},"minecraft:custom":{"minecraft:interact_with_furnace":10,"minecraft:mob_kills":22,"minecraft:interact_with_crafting_table":15,"minecraft:time_since_death":13031,"minecraft:sleep_in_bed":3,"minecraft:time_since_rest":1985,"minecraft:sprint_one_cm":88702,"minecraft:damage_taken":1320,"minecraft:walk_one_cm":114953,"minecraft:damage_blocked_by_shield":410,"minecraft:drop":1,"minecraft:damage_dealt":2321,"minecraft:swim_one_cm":1912,"minecraft:talked_to_villager":3,"minecraft:fly_one_cm":198181,"minecraft:open_chest":5,"minecraft:crouch_one_cm":7789,"minecraft:play_time":40487,"tombstone:undead_killed":1,"minecraft:deaths":2,"minecraft:sneak_time":2456,"minecraft:walk_under_water_one_cm":1375,"minecraft:jump":955,"minecraft:walk_on_water_one_cm":5545,"minecraft:total_world_time":40487,"minecraft:fall_one_cm":22356},"minecraft:broken":{"minecraft:iron_pickaxe":1},"minecraft:picked_up":{"minecraft:crafting_table":2,"minecraft:feather":3,"minecraft:chicken":4,"biomesoplenty:goldenrod":2,"minecraft:gold_block":1,"minecraft:oak_log":34,"minecraft:dirt":238,"minecraft:bone":3,"minecraft:iron_ingot":5,"minecraft:stone_pickaxe":1,"minecraft:calcite":267,"minecraft:poppy":1,"minecraft:sugar_cane":21,"minecraft:furnace":1,"minecraft:stick":3,"minecraft:raw_iron":22,"minecraft:spruce_sapling":4,"minecraft:spruce_log":43,"minecraft:white_bed":1,"minecraft:arrow":4,"minecraft:peony":6,"alexsmobs:capsid":3,"minecraft:gray_wool":1,"minecraft:oak_sapling":2,"minecraft:mutton":23,"minecraft:coal":25,"minecraft:white_wool":14,"minecraft:cobblestone":52},"minecraft:dropped":{"minecraft:stone_pickaxe":1}},"DataVersion":3120}