{"stats":{"minecraft:crafted":{"minecraft:oak_planks":100,"minecraft:crafting_table":2,"minecraft:spruce_planks":4,"minecraft:wooden_pickaxe":1,"minecraft:furnace":2,"minecraft:stone":2,"minecraft:stone_axe":1,"minecraft:cooked_mutton":23,"minecraft:air":0,"minecraft:shield":1,"minecraft:iron_axe":2,"minecraft:stick":40,"tombstone:grave_plate":1,"minecraft:iron_ingot":61,"minecraft:iron_pickaxe":3,"minecraft:stone_pickaxe":1,"minecraft:oak_stairs":12,"minecraft:chest":3,"minecraft:iron_shovel":5,"minecraft:white_bed":2,"minecraft:torch":76},"minecraft:killed":{"minecraft:witch":1,"minecraft:spider":1,"alexsmobs:enderiophage":2,"alexsmobs:emu":2,"minecraft:sheep":15,"minecraft:skeleton":4,"alexsmobs:catfish":1,"minecraft:zombie":1,"minecraft:chicken":4,"alexsmobs:fly":1},"minecraft:mined":{"minecraft:podzol":20,"minecraft:white_bed":2,"biomesoplenty:desert_grass":1,"minecraft:crafting_table":2,"minecraft:torch":1,"minecraft:granite":2,"biomesoplenty:bush":84,"minecraft:grass_block":599,"minecraft:calcite":563,"minecraft:poppy":3,"minecraft:cobblestone":8,"minecraft:tall_grass":1,"minecraft:oak_planks":2,"minecraft:spruce_leaves":12,"alexsmobs:capsid":1,"minecraft:sugar_cane":13,"minecraft:oxeye_daisy":2,"minecraft:diorite":21,"minecraft:wall_torch":1,"biomesoplenty:goldenrod":2,"minecraft:spruce_sapling":1,"minecraft:furnace":1,"minecraft:iron_ore":65,"minecraft:spruce_log":286,"minecraft:andesite":3,"minecraft:peony":14,"minecraft:gold_block":1,"minecraft:grass":41,"minecraft:coal_ore":192,"minecraft:oak_log":73,"minecraft:oak_stairs":5,"biomesoplenty:webbing":2,"minecraft:sand":67,"minecraft:dirt":221,"minecraft:stone":214,"minecraft:oak_leaves":45},"minecraft:used":{"minecraft:calcite":1,"minecraft:cooked_mutton":23,"minecraft:iron_shovel":917,"minecraft:stone_pickaxe":52,"minecraft:oak_planks":21,"minecraft:poppy":2,"minecraft:chest":3,"minecraft:wooden_pickaxe":20,"minecraft:shield":30,"minecraft:rotten_flesh":1,"minecraft:torch":66,"minecraft:dirt":792,"minecraft:crafting_table":4,"minecraft:white_bed":4,"alexsmobs:capsid":1,"minecraft:spruce_log":97,"minecraft:oak_log":2,"minecraft:apple":1,"minecraft:oxeye_daisy":2,"minecraft:oak_stairs":13,"minecraft:iron_axe":350,"minecraft:iron_pickaxe":1003,"minecraft:iron_helmet":1,"minecraft:spruce_sapling":19,"minecraft:stone_axe":114,"minecraft:golden_sword":12,"minecraft:cobblestone":89,"minecraft:furnace":3,"tombstone:gift":1,"minecraft:iron_leggings":1},"minecraft:custom":{"minecraft:interact_with_furnace":17,"minecraft:mob_kills":32,"tombstone:raider_killed":1,"minecraft:interact_with_crafting_table":22,"minecraft:time_since_death":91031,"minecraft:sleep_in_bed":8,"minecraft:time_since_rest":3138,"minecraft:sprint_one_cm":263256,"minecraft:damage_taken":1917,"minecraft:walk_one_cm":400672,"minecraft:damage_blocked_by_shield":615,"minecraft:drop":1,"minecraft:damage_dealt":3998,"minecraft:swim_one_cm":29570,"minecraft:talked_to_villager":3,"minecraft:fly_one_cm":468652,"minecraft:open_chest":17,"minecraft:crouch_one_cm":20307,"minecraft:play_time":118487,"tombstone:undead_killed":5,"minecraft:deaths":2,"minecraft:sneak_time":6122,"minecraft:walk_under_water_one_cm":8481,"minecraft:jump":2672,"minecraft:walk_on_water_one_cm":16043,"minecraft:total_world_time":118487,"minecraft:fall_one_cm":69948},"minecraft:broken":{"minecraft:iron_shovel":2,"minecraft:iron_axe":1,"minecraft:iron_pickaxe":4},"minecraft:picked_up":{"minecraft:crafting_table":2,"minecraft:feather":4,"minecraft:chicken":4,"minecraft:andesite":3,"biomesoplenty:goldenrod":2,"minecraft:oak_stairs":5,"minecraft:gold_block":1,"minecraft:oak_log":72,"minecraft:string":1,"minecraft:dirt":833,"minecraft:bone":5,"alexsmobs:emu_feather":2,"minecraft:wheat_seeds":4,"minecraft:iron_ingot":5,"minecraft:stone_pickaxe":1,"minecraft:calcite":561,"minecraft:poppy":4,"minecraft:sugar_cane":30,"minecraft:oak_planks":2,"minecraft:furnace":1,"minecraft:stick":17,"minecraft:raw_iron":70,"minecraft:torch":3,"minecraft:sand":67,"minecraft:spruce_sapling":33,"minecraft:diorite":21,"minecraft:spruce_log":286,"minecraft:white_bed":2,"minecraft:spider_eye":1,"minecraft:arrow":7,"minecraft:rotten_flesh":1,"minecraft:peony":19,"alexsmobs:capsid":3,"minecraft:granite":2,"minecraft:gray_wool":1,"alexsmobs:maggot":2,"minecraft:oak_sapling":5,"minecraft:mutton":23,"minecraft:coal":195,"minecraft:white_wool":14,"minecraft:cobblestone":228,"minecraft:oxeye_daisy":3},"minecraft:dropped":{"minecraft:stone_pickaxe":1}},"DataVersion":3120}