{"stats":{"minecraft:crafted":{"minecraft:oak_planks":20,"minecraft:shield":1,"minecraft:crafting_table":1,"minecraft:stick":8,"minecraft:iron_pickaxe":1,"minecraft:wooden_pickaxe":1,"minecraft:stone_pickaxe":1,"minecraft:furnace":1,"minecraft:white_bed":1,"minecraft:stone_axe":1,"minecraft:air":0,"minecraft:cooked_mutton":8},"minecraft:killed":{"minecraft:skeleton":1,"minecraft:sheep":6,"minecraft:chicken":4,"alexsmobs:enderiophage":2},"minecraft:mined":{"minecraft:white_bed":1,"minecraft:furnace":1,"minecraft:iron_ore":9,"minecraft:gold_block":1,"minecraft:crafting_table":2,"minecraft:grass":17,"minecraft:grass_block":1,"minecraft:oak_log":5,"minecraft:coal_ore":11,"minecraft:poppy":1,"minecraft:tall_grass":1,"minecraft:stone":50,"minecraft:sugar_cane":9,"minecraft:oak_leaves":3,"biomesoplenty:goldenrod":2},"minecraft:used":{"minecraft:cooked_mutton":6,"minecraft:stone_pickaxe":52,"minecraft:iron_pickaxe":1,"minecraft:shield":23,"minecraft:wooden_pickaxe":20,"minecraft:stone_axe":11,"minecraft:golden_sword":12,"minecraft:cobblestone":25,"minecraft:crafting_table":2,"minecraft:furnace":1,"minecraft:white_bed":2},"minecraft:custom":{"minecraft:time_since_rest":1933,"minecraft:interact_with_furnace":3,"minecraft:sprint_one_cm":44897,"minecraft:damage_taken":990,"minecraft:walk_one_cm":36490,"minecraft:damage_blocked_by_shield":410,"minecraft:mob_kills":13,"minecraft:drop":1,"minecraft:damage_dealt":1601,"minecraft:interact_with_crafting_table":9,"minecraft:swim_one_cm":73,"minecraft:fly_one_cm":96669,"minecraft:deaths":1,"minecraft:open_chest":1,"tombstone:undead_killed":1,"minecraft:crouch_one_cm":4845,"minecraft:play_time":16487,"minecraft:sneak_time":1770,"minecraft:walk_under_water_one_cm":380,"minecraft:jump":458,"minecraft:walk_on_water_one_cm":1593,"minecraft:time_since_death":3476,"minecraft:sleep_in_bed":1,"minecraft:total_world_time":16487,"minecraft:fall_one_cm":7758},"minecraft:picked_up":{"minecraft:crafting_table":2,"minecraft:raw_iron":14,"minecraft:feather":3,"minecraft:chicken":4,"biomesoplenty:goldenrod":2,"minecraft:gold_block":1,"minecraft:oak_log":5,"minecraft:white_bed":1,"minecraft:dirt":1,"minecraft:arrow":4,"minecraft:bone":3,"alexsmobs:capsid":2,"minecraft:iron_ingot":4,"minecraft:stone_pickaxe":1,"minecraft:poppy":1,"minecraft:sugar_cane":21,"minecraft:mutton":8,"minecraft:coal":14,"minecraft:furnace":1,"minecraft:white_wool":6,"minecraft:cobblestone":48},"minecraft:dropped":{"minecraft:stone_pickaxe":1}},"DataVersion":3120}