{"stats":{"minecraft:mined":{"minecraft:white_bed":3,"minecraft:dark_oak_leaves":1,"minecraft:deepslate_diamond_ore":1,"minecraft:cobbled_deepslate_stairs":18,"biomesoplenty:desert_grass":1,"minecraft:spruce_trapdoor":13,"minecraft:granite":3,"biomesoplenty:bush":108,"minecraft:grass_block":602,"minecraft:spruce_leaves":12,"minecraft:oxeye_daisy":2,"minecraft:hay_block":4,"minecraft:spruce_sapling":1,"minecraft:furnace":1,"minecraft:iron_ore":74,"minecraft:cobbled_deepslate":5,"minecraft:andesite":45,"minecraft:peony":15,"minecraft:gold_block":1,"minecraft:potatoes":7,"minecraft:deepslate_iron_ore":9,"minecraft:oak_stairs":7,"biomesoplenty:webbing":2,"minecraft:stone":225,"minecraft:podzol":20,"minecraft:deepslate_redstone_ore":10,"minecraft:oak_slab":3,"minecraft:red_bed":1,"minecraft:oak_fence":27,"minecraft:crafting_table":3,"minecraft:torch":1,"minecraft:calcite":644,"minecraft:poppy":3,"minecraft:tall_grass":1,"minecraft:cobblestone":10,"minecraft:deepslate_gold_ore":6,"alexsmobs:capsid":1,"minecraft:sugar_cane":13,"minecraft:oak_planks":47,"minecraft:diorite":21,"minecraft:wall_torch":1,"biomesoplenty:goldenrod":2,"minecraft:spruce_stairs":31,"minecraft:spruce_log":341,"minecraft:grass":49,"minecraft:oak_log":179,"minecraft:coal_ore":192,"minecraft:sand":67,"minecraft:dirt":223,"minecraft:deepslate":146,"minecraft:oak_leaves":81},"minecraft:broken":{"minecraft:iron_shovel":2,"minecraft:stone_pickaxe":1,"minecraft:iron_axe":2,"minecraft:iron_pickaxe":5},"minecraft:picked_up":{"minecraft:crafting_table":3,"minecraft:chicken":9,"minecraft:oak_stairs":7,"minecraft:gold_block":1,"minecraft:red_bed":1,"minecraft:string":1,"alexsmobs:emu_feather":2,"minecraft:cobbled_deepslate":149,"minecraft:beef":12,"minecraft:calcite":637,"minecraft:poppy":4,"minecraft:sugar_cane":30,"minecraft:spruce_trapdoor":13,"minecraft:egg":2,"minecraft:furnace":1,"minecraft:dark_oak_sapling":1,"minecraft:raw_iron":88,"minecraft:stick":20,"minecraft:oak_fence":27,"minecraft:torch":4,"minecraft:spruce_stairs":29,"minecraft:porkchop":9,"minecraft:diorite":21,"minecraft:redstone":48,"minecraft:arrow":12,"minecraft:rotten_flesh":2,"minecraft:peony":20,"minecraft:hay_block":4,"alexsmobs:capsid":3,"minecraft:mutton":23,"minecraft:cobblestone":241,"minecraft:white_wool":14,"minecraft:oxeye_daisy":3,"minecraft:feather":9,"minecraft:salmon":1,"minecraft:andesite":45,"biomesoplenty:goldenrod":2,"minecraft:leather":7,"minecraft:potato":30,"minecraft:oak_log":176,"minecraft:cobbled_deepslate_stairs":18,"minecraft:gunpowder":2,"minecraft:dirt":838,"minecraft:bone":11,"minecraft:apple":1,"minecraft:wheat_seeds":4,"minecraft:raw_gold":6,"minecraft:stone_pickaxe":1,"minecraft:iron_ingot":5,"minecraft:oak_planks":45,"minecraft:oak_slab":2,"minecraft:sand":67,"minecraft:spruce_sapling":33,"minecraft:white_bed":3,"minecraft:spruce_log":341,"minecraft:spider_eye":1,"minecraft:bundle":1,"minecraft:diamond":1,"minecraft:granite":3,"minecraft:gray_wool":1,"alexsmobs:maggot":2,"minecraft:oak_sapling":10,"minecraft:coal":195},"minecraft:used":{"minecraft:oak_fence":51,"minecraft:iron_shovel":917,"minecraft:poppy":2,"minecraft:chest":3,"minecraft:shield":46,"minecraft:cooked_chicken":4,"minecraft:stone_hoe":14,"minecraft:rotten_flesh":1,"minecraft:torch":98,"minecraft:dirt":794,"minecraft:spruce_stairs":55,"alexsmobs:capsid":1,"minecraft:granite":1,"minecraft:iron_axe":700,"minecraft:oak_stairs":28,"minecraft:iron_helmet":1,"minecraft:golden_sword":12,"minecraft:oak_sapling":4,"minecraft:furnace":3,"tombstone:gift":2,"minecraft:potato":25,"minecraft:cobbled_deepslate":26,"minecraft:iron_leggings":1,"minecraft:calcite":174,"minecraft:cooked_mutton":23,"minecraft:stone_pickaxe":131,"minecraft:baked_potato":4,"minecraft:oak_planks":402,"minecraft:wooden_pickaxe":20,"minecraft:oak_slab":38,"minecraft:crafting_table":5,"minecraft:red_bed":2,"minecraft:white_bed":4,"minecraft:cobbled_deepslate_stairs":54,"minecraft:spruce_log":214,"minecraft:oak_log":8,"minecraft:apple":8,"minecraft:oxeye_daisy":2,"minecraft:bread":16,"minecraft:iron_pickaxe":1266,"minecraft:spruce_trapdoor":17,"minecraft:spruce_sapling":19,"minecraft:stone_axe":114,"minecraft:cobblestone":121,"minecraft:andesite":6,"minecraft:bone_meal":15},"minecraft:custom":{"minecraft:mob_kills":56,"minecraft:interact_with_crafting_table":42,"minecraft:leave_game":1,"minecraft:time_since_death":193187,"minecraft:sprint_one_cm":498443,"minecraft:walk_one_cm":824190,"minecraft:damage_blocked_by_shield":1135,"minecraft:drop":1,"minecraft:talked_to_villager":3,"minecraft:play_time":220643,"minecraft:deaths":2,"minecraft:sneak_time":14301,"minecraft:walk_under_water_one_cm":15343,"minecraft:jump":4700,"minecraft:walk_on_water_one_cm":23470,"minecraft:total_world_time":220643,"minecraft:interact_with_furnace":27,"tombstone:raider_killed":1,"minecraft:sleep_in_bed":14,"minecraft:time_since_rest":2874,"minecraft:damage_taken":3024,"minecraft:damage_dealt":6631,"minecraft:swim_one_cm":37717,"minecraft:fly_one_cm":777807,"minecraft:open_chest":37,"minecraft:crouch_one_cm":42904,"tombstone:undead_killed":12,"minecraft:fall_one_cm":133883},"minecraft:dropped":{"minecraft:stone_pickaxe":1},"minecraft:killed":{"minecraft:witch":1,"minecraft:spider":1,"alexsmobs:enderiophage":2,"minecraft:skeleton":9,"minecraft:chicken":9,"minecraft:pig":4,"minecraft:salmon":1,"minecraft:creeper":1,"alexsmobs:emu":2,"minecraft:sheep":15,"alexsmobs:catfish":1,"minecraft:zombie":3,"alexsmobs:fly":1,"minecraft:cow":5},"minecraft:crafted":{"minecraft:oak_planks":672,"minecraft:cooked_chicken":4,"minecraft:furnace":2,"minecraft:stone":2,"minecraft:bone_meal":15,"minecraft:cooked_mutton":23,"minecraft:spruce_stairs":64,"minecraft:iron_axe":4,"minecraft:stone_pickaxe":1,"minecraft:chest":3,"minecraft:cobbled_deepslate_stairs":40,"minecraft:stone_hoe":1,"minecraft:oak_fence":48,"minecraft:wheat":36,"minecraft:red_dye":1,"minecraft:oak_slab":66,"minecraft:crafting_table":3,"minecraft:spruce_planks":124,"minecraft:wooden_pickaxe":1,"minecraft:baked_potato":11,"minecraft:red_bed":1,"minecraft:stone_axe":1,"minecraft:bread":12,"minecraft:air":0,"minecraft:spruce_trapdoor":8,"minecraft:shield":1,"minecraft:stick":92,"tombstone:grave_plate":1,"minecraft:iron_ingot":61,"minecraft:iron_pickaxe":5,"minecraft:oak_stairs":32,"minecraft:iron_shovel":5,"minecraft:white_bed":2,"minecraft:torch":120}},"DataVersion":3120}