{"stats":{"minecraft:crafted":{"minecraft:oak_planks":456,"minecraft:cooked_chicken":4,"minecraft:furnace":2,"minecraft:stone":2,"minecraft:bone_meal":15,"minecraft:cooked_mutton":23,"minecraft:spruce_stairs":64,"minecraft:iron_axe":3,"minecraft:stone_pickaxe":1,"minecraft:chest":3,"minecraft:stone_hoe":1,"minecraft:oak_fence":48,"minecraft:wheat":36,"minecraft:red_dye":1,"minecraft:oak_slab":12,"minecraft:crafting_table":2,"minecraft:spruce_planks":124,"minecraft:wooden_pickaxe":1,"minecraft:red_bed":1,"minecraft:stone_axe":1,"minecraft:bread":12,"minecraft:air":0,"minecraft:spruce_trapdoor":8,"minecraft:shield":1,"minecraft:stick":72,"tombstone:grave_plate":1,"minecraft:iron_ingot":61,"minecraft:iron_pickaxe":3,"minecraft:oak_stairs":32,"minecraft:iron_shovel":5,"minecraft:white_bed":2,"minecraft:torch":76},"minecraft:killed":{"minecraft:witch":1,"minecraft:spider":1,"alexsmobs:enderiophage":2,"minecraft:skeleton":4,"minecraft:chicken":9,"minecraft:pig":4,"minecraft:salmon":1,"alexsmobs:emu":2,"minecraft:sheep":15,"alexsmobs:catfish":1,"minecraft:zombie":1,"alexsmobs:fly":1,"minecraft:cow":1},"minecraft:mined":{"minecraft:white_bed":3,"biomesoplenty:desert_grass":1,"minecraft:spruce_trapdoor":9,"minecraft:granite":2,"biomesoplenty:bush":107,"minecraft:grass_block":602,"minecraft:spruce_leaves":12,"minecraft:oxeye_daisy":2,"minecraft:hay_block":4,"minecraft:furnace":1,"minecraft:spruce_sapling":1,"minecraft:iron_ore":65,"minecraft:andesite":3,"minecraft:peony":14,"minecraft:gold_block":1,"minecraft:potatoes":7,"minecraft:oak_stairs":7,"biomesoplenty:webbing":2,"minecraft:stone":214,"minecraft:podzol":20,"minecraft:oak_slab":1,"minecraft:red_bed":1,"minecraft:oak_fence":6,"minecraft:crafting_table":2,"minecraft:torch":1,"minecraft:calcite":638,"minecraft:poppy":3,"minecraft:tall_grass":1,"minecraft:cobblestone":10,"alexsmobs:capsid":1,"minecraft:sugar_cane":13,"minecraft:oak_planks":40,"minecraft:diorite":21,"minecraft:wall_torch":1,"biomesoplenty:goldenrod":2,"minecraft:spruce_stairs":31,"minecraft:spruce_log":333,"minecraft:grass":48,"minecraft:oak_log":122,"minecraft:coal_ore":192,"minecraft:sand":67,"minecraft:dirt":222,"minecraft:oak_leaves":59},"minecraft:used":{"minecraft:oak_fence":51,"minecraft:iron_shovel":917,"minecraft:poppy":2,"minecraft:shield":30,"minecraft:chest":3,"minecraft:stone_hoe":14,"minecraft:cooked_chicken":4,"minecraft:rotten_flesh":1,"minecraft:torch":66,"minecraft:dirt":794,"minecraft:spruce_stairs":55,"alexsmobs:capsid":1,"minecraft:iron_axe":554,"minecraft:oak_stairs":28,"minecraft:iron_helmet":1,"minecraft:golden_sword":12,"minecraft:furnace":3,"minecraft:oak_sapling":1,"tombstone:gift":1,"minecraft:potato":25,"minecraft:iron_leggings":1,"minecraft:calcite":172,"minecraft:cooked_mutton":23,"minecraft:stone_pickaxe":129,"minecraft:oak_planks":297,"minecraft:wooden_pickaxe":20,"minecraft:oak_slab":12,"minecraft:crafting_table":4,"minecraft:red_bed":2,"minecraft:white_bed":4,"minecraft:spruce_log":206,"minecraft:oak_log":4,"minecraft:apple":8,"minecraft:oxeye_daisy":2,"minecraft:bread":6,"minecraft:iron_pickaxe":1003,"minecraft:spruce_trapdoor":17,"minecraft:spruce_sapling":19,"minecraft:stone_axe":114,"minecraft:cobblestone":121,"minecraft:bone_meal":15},"minecraft:custom":{"minecraft:mob_kills":43,"minecraft:interact_with_crafting_table":33,"minecraft:leave_game":1,"minecraft:time_since_death":151006,"minecraft:sprint_one_cm":404133,"minecraft:walk_one_cm":687401,"minecraft:damage_blocked_by_shield":615,"minecraft:drop":1,"minecraft:talked_to_villager":3,"minecraft:play_time":178462,"minecraft:deaths":2,"minecraft:sneak_time":10655,"minecraft:walk_under_water_one_cm":9462,"minecraft:jump":3906,"minecraft:walk_on_water_one_cm":16761,"minecraft:total_world_time":178462,"minecraft:interact_with_furnace":24,"tombstone:raider_killed":1,"minecraft:sleep_in_bed":12,"minecraft:time_since_rest":10945,"minecraft:damage_taken":2487,"minecraft:damage_dealt":4728,"minecraft:swim_one_cm":36474,"minecraft:fly_one_cm":666083,"minecraft:open_chest":32,"minecraft:crouch_one_cm":32646,"tombstone:undead_killed":5,"minecraft:fall_one_cm":110000},"minecraft:broken":{"minecraft:iron_shovel":2,"minecraft:iron_axe":2,"minecraft:iron_pickaxe":4},"minecraft:picked_up":{"minecraft:crafting_table":2,"minecraft:chicken":9,"minecraft:oak_stairs":7,"minecraft:gold_block":1,"minecraft:string":1,"minecraft:red_bed":1,"alexsmobs:emu_feather":2,"minecraft:beef":2,"minecraft:calcite":631,"minecraft:poppy":4,"minecraft:sugar_cane":30,"minecraft:spruce_trapdoor":9,"minecraft:furnace":1,"minecraft:egg":2,"minecraft:stick":18,"minecraft:raw_iron":70,"minecraft:oak_fence":6,"minecraft:torch":3,"minecraft:spruce_stairs":29,"minecraft:porkchop":9,"minecraft:diorite":21,"minecraft:arrow":7,"minecraft:rotten_flesh":1,"minecraft:peony":19,"minecraft:hay_block":4,"alexsmobs:capsid":3,"minecraft:mutton":23,"minecraft:white_wool":14,"minecraft:cobblestone":230,"minecraft:oxeye_daisy":3,"minecraft:feather":9,"minecraft:andesite":3,"minecraft:salmon":1,"biomesoplenty:goldenrod":2,"minecraft:leather":2,"minecraft:potato":30,"minecraft:oak_log":120,"minecraft:dirt":837,"minecraft:bone":5,"minecraft:apple":1,"minecraft:wheat_seeds":4,"minecraft:stone_pickaxe":1,"minecraft:iron_ingot":5,"minecraft:oak_planks":38,"minecraft:sand":67,"minecraft:spruce_sapling":33,"minecraft:white_bed":3,"minecraft:spruce_log":333,"minecraft:spider_eye":1,"minecraft:granite":2,"minecraft:gray_wool":1,"alexsmobs:maggot":2,"minecraft:oak_sapling":7,"minecraft:coal":195},"minecraft:dropped":{"minecraft:stone_pickaxe":1}},"DataVersion":3120}