{"stats":{"minecraft:crafted":{"minecraft:oak_planks":76,"minecraft:crafting_table":1,"minecraft:wooden_pickaxe":1,"minecraft:furnace":2,"minecraft:stone_axe":1,"minecraft:cooked_mutton":20,"minecraft:air":0,"minecraft:shield":1,"minecraft:stick":12,"minecraft:iron_ingot":13,"minecraft:iron_pickaxe":1,"minecraft:stone_pickaxe":1,"minecraft:chest":2,"minecraft:iron_shovel":1,"minecraft:white_bed":2},"minecraft:killed":{"alexsmobs:enderiophage":2,"minecraft:sheep":15,"minecraft:skeleton":1,"minecraft:chicken":4},"minecraft:mined":{"minecraft:podzol":1,"minecraft:white_bed":1,"minecraft:crafting_table":2,"biomesoplenty:bush":1,"minecraft:grass_block":7,"minecraft:calcite":55,"minecraft:poppy":1,"minecraft:tall_grass":1,"alexsmobs:capsid":1,"minecraft:sugar_cane":9,"biomesoplenty:goldenrod":2,"minecraft:furnace":1,"minecraft:iron_ore":17,"minecraft:spruce_log":13,"minecraft:gold_block":1,"minecraft:grass":20,"minecraft:coal_ore":22,"minecraft:oak_log":33,"biomesoplenty:webbing":2,"minecraft:dirt":1,"minecraft:stone":54,"minecraft:oak_leaves":10},"minecraft:used":{"minecraft:calcite":1,"minecraft:cooked_mutton":9,"minecraft:iron_shovel":6,"minecraft:stone_pickaxe":52,"minecraft:chest":2,"minecraft:wooden_pickaxe":20,"minecraft:shield":23,"minecraft:dirt":2,"minecraft:crafting_table":3,"minecraft:white_bed":3,"alexsmobs:capsid":1,"minecraft:spruce_log":2,"minecraft:oak_log":2,"minecraft:apple":1,"minecraft:iron_pickaxe":82,"minecraft:iron_helmet":1,"minecraft:stone_axe":73,"minecraft:golden_sword":12,"minecraft:cobblestone":25,"minecraft:furnace":3,"minecraft:iron_leggings":1},"minecraft:custom":{"minecraft:interact_with_furnace":10,"minecraft:mob_kills":22,"minecraft:interact_with_crafting_table":14,"minecraft:time_since_death":1031,"minecraft:sleep_in_bed":2,"minecraft:time_since_rest":798,"minecraft:sprint_one_cm":73852,"minecraft:damage_taken":1320,"minecraft:walk_one_cm":57817,"minecraft:damage_blocked_by_shield":410,"minecraft:drop":1,"minecraft:damage_dealt":2321,"minecraft:swim_one_cm":1912,"minecraft:talked_to_villager":3,"minecraft:fly_one_cm":177735,"minecraft:open_chest":3,"minecraft:crouch_one_cm":5528,"minecraft:play_time":28487,"tombstone:undead_killed":1,"minecraft:deaths":2,"minecraft:sneak_time":2036,"minecraft:walk_under_water_one_cm":1086,"minecraft:jump":788,"minecraft:walk_on_water_one_cm":2079,"minecraft:total_world_time":28487,"minecraft:fall_one_cm":19763},"minecraft:picked_up":{"minecraft:crafting_table":2,"minecraft:feather":3,"minecraft:chicken":4,"biomesoplenty:goldenrod":2,"minecraft:gold_block":1,"minecraft:oak_log":32,"minecraft:dirt":3,"minecraft:bone":3,"minecraft:iron_ingot":5,"minecraft:stone_pickaxe":1,"minecraft:calcite":54,"minecraft:poppy":1,"minecraft:sugar_cane":21,"minecraft:furnace":1,"minecraft:stick":2,"minecraft:raw_iron":22,"minecraft:spruce_sapling":1,"minecraft:spruce_log":13,"minecraft:white_bed":1,"minecraft:arrow":4,"alexsmobs:capsid":3,"minecraft:gray_wool":1,"minecraft:oak_sapling":1,"minecraft:mutton":23,"minecraft:coal":25,"minecraft:white_wool":14,"minecraft:cobblestone":52},"minecraft:dropped":{"minecraft:stone_pickaxe":1}},"DataVersion":3120}