{"stats":{"minecraft:crafted":{"minecraft:oak_planks":84,"minecraft:crafting_table":1,"minecraft:spruce_planks":4,"minecraft:wooden_pickaxe":1,"minecraft:furnace":2,"minecraft:stone":2,"minecraft:stone_axe":1,"minecraft:cooked_mutton":20,"minecraft:air":0,"minecraft:shield":1,"minecraft:iron_axe":1,"minecraft:stick":20,"tombstone:grave_plate":1,"minecraft:iron_ingot":13,"minecraft:iron_pickaxe":2,"minecraft:stone_pickaxe":1,"minecraft:chest":3,"minecraft:iron_shovel":5,"minecraft:white_bed":2},"minecraft:killed":{"alexsmobs:enderiophage":2,"minecraft:sheep":15,"minecraft:skeleton":1,"alexsmobs:catfish":1,"minecraft:chicken":4},"minecraft:mined":{"minecraft:podzol":20,"minecraft:white_bed":1,"minecraft:crafting_table":2,"biomesoplenty:bush":24,"minecraft:grass_block":596,"minecraft:calcite":563,"minecraft:poppy":1,"minecraft:tall_grass":1,"minecraft:spruce_leaves":7,"alexsmobs:capsid":1,"minecraft:sugar_cane":9,"biomesoplenty:goldenrod":2,"minecraft:furnace":1,"minecraft:iron_ore":17,"minecraft:spruce_log":163,"minecraft:peony":6,"minecraft:gold_block":1,"minecraft:grass":25,"minecraft:coal_ore":22,"minecraft:oak_log":35,"biomesoplenty:webbing":2,"minecraft:sand":67,"minecraft:dirt":221,"minecraft:stone":164,"minecraft:oak_leaves":17},"minecraft:used":{"minecraft:calcite":1,"minecraft:cooked_mutton":11,"minecraft:iron_shovel":917,"minecraft:stone_pickaxe":52,"minecraft:chest":3,"minecraft:wooden_pickaxe":20,"minecraft:shield":23,"minecraft:dirt":792,"minecraft:crafting_table":3,"minecraft:white_bed":3,"alexsmobs:capsid":1,"minecraft:spruce_log":9,"minecraft:oak_log":2,"minecraft:apple":1,"minecraft:iron_axe":128,"minecraft:iron_pickaxe":700,"minecraft:iron_helmet":1,"minecraft:spruce_sapling":8,"minecraft:stone_axe":114,"minecraft:golden_sword":12,"minecraft:cobblestone":25,"minecraft:furnace":3,"tombstone:gift":1,"minecraft:iron_leggings":1},"minecraft:custom":{"minecraft:interact_with_furnace":12,"minecraft:mob_kills":23,"minecraft:interact_with_crafting_table":19,"minecraft:time_since_death":43031,"minecraft:sleep_in_bed":5,"minecraft:time_since_rest":6477,"minecraft:sprint_one_cm":125083,"minecraft:damage_taken":1320,"minecraft:walk_one_cm":265516,"minecraft:damage_blocked_by_shield":410,"minecraft:drop":1,"minecraft:damage_dealt":2431,"minecraft:swim_one_cm":1927,"minecraft:talked_to_villager":3,"minecraft:fly_one_cm":244066,"minecraft:open_chest":12,"minecraft:crouch_one_cm":15787,"minecraft:play_time":70487,"tombstone:undead_killed":1,"minecraft:deaths":2,"minecraft:sneak_time":3874,"minecraft:walk_under_water_one_cm":2041,"minecraft:jump":1290,"minecraft:walk_on_water_one_cm":11601,"minecraft:total_world_time":70487,"minecraft:fall_one_cm":28175},"minecraft:broken":{"minecraft:iron_shovel":2,"minecraft:iron_pickaxe":2},"minecraft:picked_up":{"minecraft:crafting_table":2,"minecraft:feather":3,"minecraft:chicken":4,"biomesoplenty:goldenrod":2,"minecraft:gold_block":1,"minecraft:oak_log":34,"minecraft:dirt":830,"minecraft:bone":3,"minecraft:wheat_seeds":2,"minecraft:iron_ingot":5,"minecraft:stone_pickaxe":1,"minecraft:calcite":561,"minecraft:poppy":1,"minecraft:sugar_cane":21,"minecraft:furnace":1,"minecraft:stick":5,"minecraft:raw_iron":22,"minecraft:sand":67,"minecraft:spruce_sapling":11,"minecraft:spruce_log":163,"minecraft:white_bed":1,"minecraft:arrow":4,"minecraft:peony":12,"alexsmobs:capsid":3,"minecraft:gray_wool":1,"minecraft:oak_sapling":3,"minecraft:mutton":23,"minecraft:coal":25,"minecraft:white_wool":14,"minecraft:cobblestone":162,"minecraft:oxeye_daisy":1},"minecraft:dropped":{"minecraft:stone_pickaxe":1}},"DataVersion":3120}