{"stats":{"minecraft:crafted":{"minecraft:oak_planks":76,"minecraft:crafting_table":1,"minecraft:spruce_planks":4,"minecraft:wooden_pickaxe":1,"minecraft:furnace":2,"minecraft:stone":2,"minecraft:stone_axe":1,"minecraft:cooked_mutton":20,"minecraft:air":0,"minecraft:shield":1,"minecraft:stick":16,"tombstone:grave_plate":1,"minecraft:iron_ingot":13,"minecraft:iron_pickaxe":2,"minecraft:stone_pickaxe":1,"minecraft:chest":2,"minecraft:iron_shovel":4,"minecraft:white_bed":2},"minecraft:killed":{"alexsmobs:enderiophage":2,"minecraft:sheep":15,"minecraft:skeleton":1,"alexsmobs:catfish":1,"minecraft:chicken":4},"minecraft:mined":{"minecraft:podzol":1,"minecraft:white_bed":1,"minecraft:crafting_table":2,"biomesoplenty:bush":21,"minecraft:grass_block":369,"minecraft:calcite":498,"minecraft:poppy":1,"minecraft:tall_grass":1,"minecraft:spruce_leaves":5,"alexsmobs:capsid":1,"minecraft:sugar_cane":9,"biomesoplenty:goldenrod":2,"minecraft:furnace":1,"minecraft:iron_ore":17,"minecraft:spruce_log":43,"minecraft:peony":6,"minecraft:gold_block":1,"minecraft:grass":24,"minecraft:coal_ore":22,"minecraft:oak_log":35,"biomesoplenty:webbing":2,"minecraft:sand":1,"minecraft:dirt":147,"minecraft:stone":86,"minecraft:oak_leaves":17},"minecraft:used":{"minecraft:calcite":1,"minecraft:cooked_mutton":11,"minecraft:iron_shovel":535,"minecraft:stone_pickaxe":52,"minecraft:chest":2,"minecraft:wooden_pickaxe":20,"minecraft:shield":23,"minecraft:dirt":302,"minecraft:crafting_table":3,"minecraft:white_bed":3,"alexsmobs:capsid":1,"minecraft:spruce_log":9,"minecraft:oak_log":2,"minecraft:apple":1,"minecraft:iron_pickaxe":557,"minecraft:iron_helmet":1,"minecraft:spruce_sapling":4,"minecraft:stone_axe":114,"minecraft:golden_sword":12,"minecraft:cobblestone":25,"minecraft:furnace":3,"tombstone:gift":1,"minecraft:iron_leggings":1},"minecraft:custom":{"minecraft:interact_with_furnace":12,"minecraft:mob_kills":23,"minecraft:interact_with_crafting_table":17,"minecraft:time_since_death":25031,"minecraft:sleep_in_bed":4,"minecraft:time_since_rest":1137,"minecraft:sprint_one_cm":101703,"minecraft:damage_taken":1320,"minecraft:walk_one_cm":169603,"minecraft:damage_blocked_by_shield":410,"minecraft:drop":1,"minecraft:damage_dealt":2431,"minecraft:swim_one_cm":1912,"minecraft:talked_to_villager":3,"minecraft:fly_one_cm":212554,"minecraft:open_chest":8,"minecraft:crouch_one_cm":12326,"minecraft:play_time":52487,"tombstone:undead_killed":1,"minecraft:deaths":2,"minecraft:sneak_time":3166,"minecraft:walk_under_water_one_cm":1869,"minecraft:jump":1069,"minecraft:walk_on_water_one_cm":8412,"minecraft:total_world_time":52487,"minecraft:fall_one_cm":25191},"minecraft:broken":{"minecraft:iron_shovel":1,"minecraft:iron_pickaxe":2},"minecraft:picked_up":{"minecraft:crafting_table":2,"minecraft:feather":3,"minecraft:chicken":4,"biomesoplenty:goldenrod":2,"minecraft:gold_block":1,"minecraft:oak_log":34,"minecraft:dirt":515,"minecraft:bone":3,"minecraft:wheat_seeds":2,"minecraft:iron_ingot":5,"minecraft:stone_pickaxe":1,"minecraft:calcite":494,"minecraft:poppy":1,"minecraft:sugar_cane":21,"minecraft:furnace":1,"minecraft:stick":3,"minecraft:raw_iron":22,"minecraft:sand":1,"minecraft:spruce_sapling":7,"minecraft:spruce_log":43,"minecraft:white_bed":1,"minecraft:arrow":4,"minecraft:peony":11,"alexsmobs:capsid":3,"minecraft:gray_wool":1,"minecraft:oak_sapling":3,"minecraft:mutton":23,"minecraft:coal":25,"minecraft:white_wool":14,"minecraft:cobblestone":84,"minecraft:oxeye_daisy":1},"minecraft:dropped":{"minecraft:stone_pickaxe":1}},"DataVersion":3120}