{"stats":{"minecraft:crafted":{"minecraft:oak_planks":16,"minecraft:crafting_table":1},"minecraft:killed":{"minecraft:sheep":5,"minecraft:chicken":4},"minecraft:mined":{"minecraft:grass":8,"minecraft:oak_log":4,"minecraft:poppy":1,"minecraft:tall_grass":1,"minecraft:sugar_cane":9,"minecraft:oak_leaves":3},"minecraft:custom":{"minecraft:time_since_rest":4487,"minecraft:play_time":4487,"minecraft:sprint_one_cm":18085,"minecraft:walk_one_cm":8888,"minecraft:mob_kills":9,"minecraft:jump":162,"minecraft:damage_dealt":561,"minecraft:time_since_death":4487,"minecraft:walk_on_water_one_cm":998,"minecraft:total_world_time":4487,"minecraft:fall_one_cm":3135,"minecraft:fly_one_cm":32083},"minecraft:picked_up":{"minecraft:feather":3,"minecraft:chicken":4,"minecraft:oak_log":4,"minecraft:poppy":1,"minecraft:sugar_cane":21,"minecraft:mutton":7,"minecraft:white_wool":5}},"DataVersion":3120}