{"stats":{"minecraft:crafted":{"minecraft:oak_planks":100,"minecraft:crafting_table":2,"minecraft:spruce_planks":4,"minecraft:wooden_pickaxe":1,"minecraft:furnace":2,"minecraft:stone":2,"minecraft:stone_axe":1,"minecraft:cooked_mutton":20,"minecraft:air":0,"minecraft:shield":1,"minecraft:iron_axe":1,"minecraft:stick":32,"tombstone:grave_plate":1,"minecraft:iron_ingot":13,"minecraft:iron_pickaxe":3,"minecraft:stone_pickaxe":1,"minecraft:chest":3,"minecraft:iron_shovel":5,"minecraft:white_bed":2,"minecraft:torch":60},"minecraft:killed":{"minecraft:witch":1,"alexsmobs:enderiophage":2,"alexsmobs:emu":2,"minecraft:sheep":15,"minecraft:skeleton":4,"alexsmobs:catfish":1,"minecraft:chicken":4,"alexsmobs:fly":1},"minecraft:mined":{"minecraft:podzol":20,"minecraft:white_bed":1,"biomesoplenty:desert_grass":1,"minecraft:crafting_table":2,"minecraft:torch":1,"biomesoplenty:bush":24,"minecraft:grass_block":597,"minecraft:calcite":563,"minecraft:poppy":1,"minecraft:cobblestone":8,"minecraft:tall_grass":1,"minecraft:spruce_leaves":8,"alexsmobs:capsid":1,"minecraft:sugar_cane":13,"minecraft:diorite":21,"minecraft:wall_torch":1,"biomesoplenty:goldenrod":2,"minecraft:spruce_sapling":1,"minecraft:furnace":1,"minecraft:iron_ore":39,"minecraft:spruce_log":163,"minecraft:peony":6,"minecraft:gold_block":1,"minecraft:grass":29,"minecraft:coal_ore":157,"minecraft:oak_log":39,"biomesoplenty:webbing":2,"minecraft:sand":67,"minecraft:dirt":221,"minecraft:stone":206,"minecraft:oak_leaves":17},"minecraft:used":{"minecraft:calcite":1,"minecraft:cooked_mutton":18,"minecraft:iron_shovel":917,"minecraft:stone_pickaxe":52,"minecraft:chest":3,"minecraft:wooden_pickaxe":20,"minecraft:shield":28,"minecraft:torch":57,"minecraft:dirt":792,"minecraft:crafting_table":4,"minecraft:white_bed":3,"alexsmobs:capsid":1,"minecraft:spruce_log":9,"minecraft:oak_log":2,"minecraft:apple":1,"minecraft:iron_axe":152,"minecraft:iron_pickaxe":929,"minecraft:iron_helmet":1,"minecraft:spruce_sapling":15,"minecraft:stone_axe":114,"minecraft:golden_sword":12,"minecraft:cobblestone":86,"minecraft:furnace":3,"tombstone:gift":1,"minecraft:iron_leggings":1},"minecraft:custom":{"minecraft:interact_with_furnace":12,"minecraft:mob_kills":30,"tombstone:raider_killed":1,"minecraft:interact_with_crafting_table":20,"minecraft:time_since_death":67031,"minecraft:sleep_in_bed":5,"minecraft:time_since_rest":30477,"minecraft:sprint_one_cm":202654,"minecraft:damage_taken":1597,"minecraft:walk_one_cm":312840,"minecraft:damage_blocked_by_shield":590,"minecraft:drop":1,"minecraft:damage_dealt":3601,"minecraft:swim_one_cm":22524,"minecraft:talked_to_villager":3,"minecraft:fly_one_cm":391351,"minecraft:open_chest":12,"minecraft:crouch_one_cm":17810,"minecraft:play_time":94487,"tombstone:undead_killed":4,"minecraft:deaths":2,"minecraft:sneak_time":5062,"minecraft:walk_under_water_one_cm":5575,"minecraft:jump":2123,"minecraft:walk_on_water_one_cm":15431,"minecraft:total_world_time":94487,"minecraft:fall_one_cm":55014},"minecraft:broken":{"minecraft:iron_shovel":2,"minecraft:iron_pickaxe":3},"minecraft:picked_up":{"minecraft:crafting_table":2,"minecraft:feather":4,"minecraft:chicken":4,"biomesoplenty:goldenrod":2,"minecraft:gold_block":1,"minecraft:oak_log":38,"minecraft:dirt":831,"minecraft:bone":5,"alexsmobs:emu_feather":2,"minecraft:wheat_seeds":3,"minecraft:iron_ingot":5,"minecraft:stone_pickaxe":1,"minecraft:calcite":561,"minecraft:poppy":1,"minecraft:sugar_cane":30,"minecraft:furnace":1,"minecraft:stick":7,"minecraft:raw_iron":44,"minecraft:torch":2,"minecraft:sand":67,"minecraft:spruce_sapling":15,"minecraft:diorite":21,"minecraft:spruce_log":163,"minecraft:white_bed":1,"minecraft:arrow":7,"minecraft:peony":12,"alexsmobs:capsid":3,"minecraft:gray_wool":1,"alexsmobs:maggot":2,"minecraft:oak_sapling":3,"minecraft:mutton":23,"minecraft:coal":160,"minecraft:white_wool":14,"minecraft:cobblestone":211,"minecraft:oxeye_daisy":1},"minecraft:dropped":{"minecraft:stone_pickaxe":1}},"DataVersion":3120}