{"stats":{"minecraft:crafted":{"minecraft:red_dye":1,"minecraft:oak_planks":380,"minecraft:crafting_table":2,"minecraft:spruce_planks":124,"minecraft:cooked_chicken":4,"minecraft:wooden_pickaxe":1,"minecraft:red_bed":1,"minecraft:furnace":2,"minecraft:stone":2,"minecraft:stone_axe":1,"minecraft:cooked_mutton":23,"minecraft:air":0,"minecraft:spruce_stairs":64,"minecraft:shield":1,"minecraft:iron_axe":2,"minecraft:stick":72,"tombstone:grave_plate":1,"minecraft:iron_ingot":61,"minecraft:iron_pickaxe":3,"minecraft:stone_pickaxe":1,"minecraft:oak_stairs":32,"minecraft:chest":3,"minecraft:iron_shovel":5,"minecraft:white_bed":2,"minecraft:torch":76,"minecraft:oak_fence":48},"minecraft:killed":{"minecraft:witch":1,"minecraft:spider":1,"alexsmobs:enderiophage":2,"alexsmobs:emu":2,"minecraft:sheep":15,"minecraft:skeleton":4,"alexsmobs:catfish":1,"minecraft:zombie":1,"minecraft:chicken":4,"alexsmobs:fly":1},"minecraft:mined":{"minecraft:podzol":20,"minecraft:white_bed":3,"minecraft:red_bed":1,"biomesoplenty:desert_grass":1,"minecraft:oak_fence":3,"minecraft:crafting_table":2,"minecraft:torch":1,"minecraft:granite":2,"biomesoplenty:bush":96,"minecraft:grass_block":602,"minecraft:calcite":576,"minecraft:poppy":3,"minecraft:cobblestone":8,"minecraft:tall_grass":1,"minecraft:oak_planks":20,"minecraft:spruce_leaves":12,"alexsmobs:capsid":1,"minecraft:sugar_cane":13,"minecraft:oxeye_daisy":2,"minecraft:diorite":21,"minecraft:wall_torch":1,"biomesoplenty:goldenrod":2,"minecraft:spruce_stairs":7,"minecraft:spruce_sapling":1,"minecraft:furnace":1,"minecraft:iron_ore":65,"minecraft:spruce_log":313,"minecraft:andesite":3,"minecraft:peony":14,"minecraft:gold_block":1,"minecraft:grass":44,"minecraft:coal_ore":192,"minecraft:oak_log":120,"minecraft:oak_stairs":7,"biomesoplenty:webbing":2,"minecraft:sand":67,"minecraft:dirt":222,"minecraft:stone":214,"minecraft:oak_leaves":59},"minecraft:used":{"minecraft:calcite":50,"minecraft:oak_fence":51,"minecraft:cooked_mutton":23,"minecraft:iron_shovel":917,"minecraft:stone_pickaxe":65,"minecraft:oak_planks":158,"minecraft:poppy":2,"minecraft:chest":3,"minecraft:wooden_pickaxe":20,"minecraft:shield":30,"minecraft:cooked_chicken":4,"minecraft:rotten_flesh":1,"minecraft:torch":66,"minecraft:dirt":794,"minecraft:crafting_table":4,"minecraft:red_bed":2,"minecraft:spruce_stairs":47,"minecraft:white_bed":4,"alexsmobs:capsid":1,"minecraft:spruce_log":124,"minecraft:oak_log":4,"minecraft:apple":2,"minecraft:oxeye_daisy":2,"minecraft:oak_stairs":28,"minecraft:iron_axe":470,"minecraft:iron_pickaxe":1003,"minecraft:iron_helmet":1,"minecraft:spruce_sapling":19,"minecraft:stone_axe":114,"minecraft:golden_sword":12,"minecraft:cobblestone":89,"minecraft:oak_sapling":1,"minecraft:furnace":3,"tombstone:gift":1,"minecraft:iron_leggings":1},"minecraft:custom":{"minecraft:interact_with_furnace":18,"minecraft:mob_kills":32,"tombstone:raider_killed":1,"minecraft:interact_with_crafting_table":28,"minecraft:time_since_death":115031,"minecraft:sleep_in_bed":10,"minecraft:time_since_rest":671,"minecraft:sprint_one_cm":310594,"minecraft:damage_taken":2067,"minecraft:walk_one_cm":550231,"minecraft:damage_blocked_by_shield":615,"minecraft:drop":1,"minecraft:damage_dealt":3998,"minecraft:swim_one_cm":29570,"minecraft:talked_to_villager":3,"minecraft:fly_one_cm":537119,"minecraft:open_chest":22,"minecraft:crouch_one_cm":21430,"minecraft:play_time":142487,"tombstone:undead_killed":5,"minecraft:deaths":2,"minecraft:sneak_time":6874,"minecraft:walk_under_water_one_cm":8481,"minecraft:jump":3121,"minecraft:walk_on_water_one_cm":16043,"minecraft:total_world_time":142487,"minecraft:fall_one_cm":82708},"minecraft:broken":{"minecraft:iron_shovel":2,"minecraft:iron_axe":1,"minecraft:iron_pickaxe":4},"minecraft:picked_up":{"minecraft:crafting_table":2,"minecraft:feather":4,"minecraft:chicken":4,"minecraft:andesite":3,"biomesoplenty:goldenrod":2,"minecraft:oak_stairs":7,"minecraft:gold_block":1,"minecraft:oak_log":118,"minecraft:red_bed":1,"minecraft:string":1,"minecraft:dirt":837,"minecraft:bone":5,"minecraft:apple":1,"alexsmobs:emu_feather":2,"minecraft:wheat_seeds":4,"minecraft:iron_ingot":5,"minecraft:stone_pickaxe":1,"minecraft:calcite":572,"minecraft:poppy":4,"minecraft:sugar_cane":30,"minecraft:oak_planks":20,"minecraft:furnace":1,"minecraft:stick":18,"minecraft:raw_iron":70,"minecraft:oak_fence":3,"minecraft:torch":3,"minecraft:spruce_stairs":5,"minecraft:sand":67,"minecraft:spruce_sapling":33,"minecraft:diorite":21,"minecraft:spruce_log":313,"minecraft:white_bed":3,"minecraft:spider_eye":1,"minecraft:arrow":7,"minecraft:rotten_flesh":1,"minecraft:peony":19,"alexsmobs:capsid":3,"minecraft:granite":2,"minecraft:gray_wool":1,"alexsmobs:maggot":2,"minecraft:oak_sapling":7,"minecraft:mutton":23,"minecraft:coal":195,"minecraft:white_wool":14,"minecraft:cobblestone":228,"minecraft:oxeye_daisy":3},"minecraft:dropped":{"minecraft:stone_pickaxe":1}},"DataVersion":3120}