{"stats":{"minecraft:mined":{"minecraft:seagrass":2,"minecraft:spruce_planks":1,"biomesoplenty:cherry_log":4,"biomesoplenty:white_cherry_leaves":1,"minecraft:lilac":1,"minecraft:oak_log":6,"biomesoplenty:sea_oats":1,"minecraft:grass":3,"biomesoplenty:bush":1,"minecraft:coal_ore":41,"minecraft:vine":11,"minecraft:cobweb":3,"minecraft:spruce_leaves":9,"minecraft:stone":11,"biomesoplenty:dune_grass":1},"minecraft:picked_up":{"minecraft:oak_log":6,"minecraft:string":3,"minecraft:spruce_planks":1,"biomesoplenty:cherry_log":4,"minecraft:coal":40,"alexsmobs:flying_fish":4,"minecraft:cobblestone":11,"minecraft:egg":1},"minecraft:used":{"alexsmobs:flying_fish":4,"biomesoplenty:cherry_planks":4,"minecraft:oak_planks":16,"minecraft:stone_axe":3,"minecraft:torch":21,"minecraft:golden_sword":15,"minecraft:crafting_table":3,"minecraft:furnace":1,"minecraft:egg":1,"minecraft:golden_pickaxe":53},"minecraft:custom":{"minecraft:time_since_rest":7028,"minecraft:waystone_activated":1,"minecraft:interact_with_furnace":1,"minecraft:sprint_one_cm":94985,"minecraft:damage_taken":471,"minecraft:walk_one_cm":92206,"minecraft:mob_kills":6,"minecraft:damage_dealt":637,"minecraft:swim_one_cm":13365,"minecraft:interact_with_crafting_table":5,"minecraft:fly_one_cm":218640,"minecraft:open_chest":4,"minecraft:crouch_one_cm":1264,"tombstone:undead_killed":1,"minecraft:play_time":40873,"minecraft:deaths":2,"minecraft:sneak_time":862,"minecraft:walk_under_water_one_cm":19853,"minecraft:jump":1009,"minecraft:leave_game":1,"minecraft:time_since_death":9427,"minecraft:walk_on_water_one_cm":24666,"minecraft:climb_one_cm":2412,"minecraft:total_world_time":40873,"minecraft:fall_one_cm":23531},"minecraft:killed_by":{"minecraft:spider":1,"minecraft:zombie":1},"minecraft:killed":{"alexsmobs:lobster":1,"minecraft:zombie":1,"alexsmobs:flying_fish":4},"minecraft:crafted":{"minecraft:oak_planks":24,"biomesoplenty:cherry_planks":16,"minecraft:crafting_table":3,"minecraft:stick":12,"minecraft:furnace":1,"minecraft:torch":32,"minecraft:stone_axe":1}},"DataVersion":3120}