{"stats":{"minecraft:mined":{"minecraft:seagrass":2,"minecraft:spruce_planks":13,"biomesoplenty:cherry_log":4,"minecraft:mossy_cobblestone":1,"biomesoplenty:white_cherry_leaves":1,"minecraft:lilac":1,"minecraft:andesite":1,"minecraft:oak_log":25,"biomesoplenty:sea_oats":1,"minecraft:grass":3,"biomesoplenty:bush":1,"minecraft:coal_ore":41,"minecraft:vine":15,"minecraft:gravel":1,"minecraft:cobweb":6,"minecraft:spruce_leaves":49,"minecraft:stone":11,"minecraft:wall_torch":1,"biomesoplenty:dune_grass":1},"minecraft:picked_up":{"minecraft:stick":4,"minecraft:ladder":2,"minecraft:andesite":1,"minecraft:torch":1,"minecraft:flint":1,"minecraft:oak_log":25,"minecraft:spruce_sapling":3,"tombstone:grave_dust":1,"minecraft:string":6,"minecraft:mossy_cobblestone":1,"minecraft:bone":1,"minecraft:rotten_flesh":2,"minecraft:spruce_planks":12,"biomesoplenty:cherry_log":4,"minecraft:coal":40,"alexsmobs:flying_fish":4,"minecraft:cobblestone":11,"minecraft:egg":1},"minecraft:used":{"alexsmobs:flying_fish":4,"biomesoplenty:cherry_planks":4,"minecraft:oak_planks":16,"minecraft:spruce_planks":4,"minecraft:stone_axe":70,"minecraft:torch":69,"minecraft:golden_sword":26,"minecraft:crafting_table":3,"minecraft:furnace":1,"minecraft:egg":1,"minecraft:golden_pickaxe":57},"minecraft:custom":{"minecraft:time_since_rest":15841,"minecraft:waystone_activated":1,"minecraft:interact_with_furnace":5,"minecraft:sprint_one_cm":104307,"minecraft:damage_taken":622,"minecraft:walk_one_cm":149289,"minecraft:mob_kills":8,"minecraft:damage_dealt":998,"minecraft:swim_one_cm":13365,"minecraft:interact_with_crafting_table":5,"minecraft:fly_one_cm":220474,"minecraft:open_barrel":1,"minecraft:open_chest":4,"minecraft:crouch_one_cm":1336,"tombstone:undead_killed":3,"minecraft:play_time":49686,"minecraft:deaths":2,"minecraft:sneak_time":925,"minecraft:walk_under_water_one_cm":19853,"minecraft:jump":1093,"minecraft:leave_game":2,"minecraft:time_since_death":18240,"minecraft:walk_on_water_one_cm":24666,"minecraft:climb_one_cm":8175,"minecraft:total_world_time":49686,"minecraft:fall_one_cm":24314},"minecraft:killed_by":{"minecraft:spider":1,"minecraft:zombie":1},"minecraft:killed":{"minecraft:skeleton":1,"alexsmobs:lobster":1,"minecraft:zombie":2,"alexsmobs:flying_fish":4},"minecraft:crafted":{"minecraft:oak_planks":24,"biomesoplenty:cherry_planks":16,"minecraft:crafting_table":3,"minecraft:stick":12,"minecraft:furnace":1,"minecraft:torch":56,"minecraft:stone_axe":1}},"DataVersion":3120}