{"stats":{"minecraft:mined":{"minecraft:seagrass":2,"biomesoplenty:cherry_log":3,"minecraft:lilac":1,"biomesoplenty:sea_oats":1,"minecraft:grass":3,"minecraft:coal_ore":41,"minecraft:cobweb":3,"minecraft:stone":10,"biomesoplenty:dune_grass":1},"minecraft:picked_up":{"minecraft:string":3,"biomesoplenty:cherry_log":3,"minecraft:coal":40,"alexsmobs:flying_fish":4,"minecraft:cobblestone":10,"minecraft:egg":1},"minecraft:used":{"minecraft:torch":17,"minecraft:golden_sword":15,"minecraft:crafting_table":1,"minecraft:egg":1,"minecraft:golden_pickaxe":52},"minecraft:custom":{"minecraft:time_since_rest":14370,"minecraft:sprint_one_cm":63563,"minecraft:damage_taken":389,"minecraft:walk_one_cm":66164,"minecraft:mob_kills":6,"minecraft:damage_dealt":635,"minecraft:swim_one_cm":7380,"minecraft:interact_with_crafting_table":2,"minecraft:fly_one_cm":160248,"minecraft:open_chest":4,"minecraft:crouch_one_cm":824,"tombstone:undead_killed":1,"minecraft:play_time":28873,"minecraft:deaths":1,"minecraft:sneak_time":248,"minecraft:walk_under_water_one_cm":13646,"minecraft:jump":712,"minecraft:leave_game":1,"minecraft:time_since_death":16769,"minecraft:walk_on_water_one_cm":13493,"minecraft:total_world_time":28873,"minecraft:fall_one_cm":17645},"minecraft:killed_by":{"minecraft:spider":1},"minecraft:killed":{"alexsmobs:lobster":1,"minecraft:zombie":1,"alexsmobs:flying_fish":4},"minecraft:crafted":{"biomesoplenty:cherry_planks":12,"minecraft:crafting_table":1,"minecraft:stick":8,"minecraft:torch":32}},"DataVersion":3120}