{"stats":{"minecraft:mined":{"biomesoplenty:sea_oats":1,"minecraft:grass":3,"biomesoplenty:dune_grass":1},"minecraft:picked_up":{"minecraft:egg":1},"minecraft:used":{"minecraft:egg":1},"minecraft:custom":{"minecraft:time_since_rest":2854,"minecraft:open_chest":3,"minecraft:crouch_one_cm":15,"minecraft:play_time":17357,"minecraft:sprint_one_cm":42676,"minecraft:deaths":1,"minecraft:damage_taken":245,"minecraft:walk_one_cm":26347,"minecraft:sneak_time":38,"minecraft:walk_under_water_one_cm":2644,"minecraft:jump":447,"minecraft:damage_dealt":74,"minecraft:leave_game":1,"minecraft:time_since_death":5253,"minecraft:walk_on_water_one_cm":5882,"minecraft:total_world_time":17357,"minecraft:swim_one_cm":4460,"minecraft:fall_one_cm":12532,"minecraft:fly_one_cm":119983},"minecraft:killed_by":{"minecraft:spider":1}},"DataVersion":3120}